AgentID,AgentName,BranchID
1,Agent_1,4
2,Agent_2,30
3,Agent_3,38
4,Agent_4,10
5,Agent_5,41
6,Agent_6,12
7,Agent_7,42
8,Agent_8,28
9,Agent_9,41
10,Agent_10,2
11,Agent_11,19
12,Agent_12,36
13,Agent_13,8
14,Agent_14,11
15,Agent_15,45
16,Agent_16,11
17,Agent_17,35
18,Agent_18,11
19,Agent_19,36
20,Agent_20,49
21,Agent_21,17
22,Agent_22,14
23,Agent_23,28
24,Agent_24,7
25,Agent_25,13
26,Agent_26,17
27,Agent_27,16
28,Agent_28,3
29,Agent_29,21
30,Agent_30,7
31,Agent_31,35
32,Agent_32,30
33,Agent_33,3
34,Agent_34,21
35,Agent_35,9
36,Agent_36,7
37,Agent_37,26
38,Agent_38,32
39,Agent_39,26
40,Agent_40,26
41,Agent_41,8
42,Agent_42,4
43,Agent_43,24
44,Agent_44,36
45,Agent_45,43
46,Agent_46,16
47,Agent_47,32
48,Agent_48,41
49,Agent_49,24
50,Agent_50,10
51,Agent_51,30
52,Agent_52,20
53,Agent_53,19
54,Agent_54,29
55,Agent_55,48
56,Agent_56,36
57,Agent_57,21
58,Agent_58,32
59,Agent_59,12
60,Agent_60,2
61,Agent_61,4
62,Agent_62,12
63,Agent_63,43
64,Agent_64,16
65,Agent_65,18
66,Agent_66,28
67,Agent_67,16
68,Agent_68,23
69,Agent_69,23
70,Agent_70,42
71,Agent_71,40
72,Agent_72,44
73,Agent_73,16
74,Agent_74,3
75,Agent_75,8
76,Agent_76,21
77,Agent_77,5
78,Agent_78,18
79,Agent_79,11
80,Agent_80,13
81,Agent_81,31
82,Agent_82,20
83,Agent_83,27
84,Agent_84,24
85,Agent_85,45
86,Agent_86,32
87,Agent_87,27
88,Agent_88,23
89,Agent_89,36
90,Agent_90,19
91,Agent_91,37
92,Agent_92,4
93,Agent_93,35
94,Agent_94,2
95,Agent_95,7
96,Agent_96,40
97,Agent_97,2
98,Agent_98,23
99,Agent_99,33
100,Agent_100,5
